city	state	permalink	created_at	lat	long
Seattle	WA	ubyl-zbhagnva-oerjvat	2014-06-30 21:50:38	47.630808	-122.374517
Hudson	MA	zrqhfn-oerjvat-pbzcnal	2014-07-01 00:30:22	42.39095	-71.566769
Denver	Colorado	fgne-one-2aq	2014-07-01 00:42:38	39.743029	-104.969927
West Hollywood	CA	gur-ubea	2014-07-01 02:41:54	34.084443	-118.385162
Fairfax	Virginia	tlfcl-fbhy	2014-07-01 15:41:48	38.873687	-77.230076
Chicago	IL	sng-jvyyl-f	2014-07-01 16:14:28	41.930462	-87.688725
Fort Collins	CO	cngrebf-perrx-oerjvat	2014-07-01 16:32:51	40.589988	-105.076418
Pasadena	CA	chapu	2014-07-01 23:54:18	34.145522	-118.153826
NY	NY	205-pyho	2014-07-02 19:04:59	40.722419	-73.992002
New York	NY	znxb-al	2014-07-03 15:58:48	40.760481	-74.003246
Brooklyn	NY	gur-svapu	2014-07-03 19:51:55	40.68682	-73.962868
Lewiston	ME	znepur-zr	2014-07-07 16:57:57	44.097993	-70.21753
Traverse City	MI	genirefr-pvgl-juvfxrl	2014-07-07 19:30:58	44.751643	-85.620905
Omaha	NE	becurhz-gurnger-ubyynaq-cresbezvat-negf-pragre	2014-07-07 23:26:07	41.256086	-95.936878
Omaha	NE	ubyynaq-cresbezvat-negf-pragre	2014-07-08 00:17:59	41.258652	-95.931836
Denver	CO	pnsr-pbyber	2014-07-08 14:33:54	39.748407	-104.997604
Sanford	FL	fzbxrl-wbr-f-oneordhr	2014-07-08 18:17:46	28.807303	-81.331719
Lewisville	TX	onqtref-ood	2014-07-10 20:30:23	33.0429	-97.033738
Miami	FL	fgngvba-5	2014-07-10 20:34:34	25.70453	-80.28831
Port Chester	NY	arffn	2014-07-10 20:39:51	41.005827	-73.658805
South Bend	IN	gur-cho	2014-07-10 22:38:51	41.70245	-86.199942
Pasadena	CA	cnfnqran-cvmmn-pb	2014-07-11 00:29:39	34.151755	-118.113064
Brattleboro	VT	qhb-erfgnhenag-irezbag	2014-07-11 18:58:14	42.853078	-72.558603
Denver	CO	qhb-erfgnhenag-qraire	2014-07-11 19:35:59	39.762181	-105.016191
Boise	Idaho	tbar-ebthr-cho	2014-07-11 19:37:21	43.613108	-116.206274
Summerville	SC	rin-f-ba-znva	2014-07-11 21:46:45	33.019241	-80.175212
Brooklyn 	NY	pbbxyla	2014-07-14 19:53:35	40.677055	-73.968681
New York	NY	r-f-one	2014-07-15 15:08:56	40.78665	-73.975354
		neguhe-urael-f-fhccre-pyho	2014-07-15 17:04:27	38.552183	-121.469394
Washington	DC	ngynf-oerj-jbexf	2014-07-15 17:55:48	38.914857	-76.981435
Westport	CT	arng	2014-07-15 21:00:38	41.141114	-73.364564
Gaithersburg 	MD	fuvfunonon-f-ubhfr-bs-ubbxnu	2014-07-15 21:58:07	39.120671	-77.178072
Dallas	TX	gw-f-serfu-frnsbbq-znexrg-cerfgba-eblnyr	2014-07-16 18:45:28	32.896317	-96.803179
Dallas	Texas	gw-f-serfu-frnsbbq-znexrg-bnx-ynja	2014-07-16 18:57:55	32.820047	-96.802067
Vienna	VA	pnobbfr-oerjvat-pbzcnal	2014-07-16 21:38:12	38.907732	-77.270579
Eugene	OR	ryx-ubea-oerjrel	2014-07-17 16:51:05	44.04965	-123.082427
Brooklyn	NY	fnzhenv-znzn	2014-07-17 21:24:57	40.714215	-73.960091
Germantown	MD	znelynaq-ubbxnu-gjb	2014-07-17 21:28:51	39.178815	-77.271208
Brooklyn	NY	obmh	2014-07-17 22:32:30	40.712827	-73.957562
Douglas	MI	gur-xveol	2014-07-18 15:30:21	42.643641	-86.206807
Wilmington	DE	glyre-f	2014-07-18 21:36:39	39.747238	-75.69893
Hartford	CT	arj-orne-f-fzbxrubhfr-oneorphr-jvaqfbe	2014-07-21 14:47:17	41.761761	-72.670687
Annapolis	Maryland	cerfreir	2014-07-21 16:17:02	38.977889	-76.489742
Wimberley	Texas	wboryy-pnsr-naqr-ovfgeb	2014-07-21 18:50:15	30.04013	-98.103357
Fort Lauderdale	FL	cbfu-jvar-one	2014-07-21 18:58:44	26.123234	-80.13678
Jersey City	NJ	gncunhf	2014-07-21 20:53:59	40.721495	-74.031811
Hoboken	NJ	fzbxvat-oneery	2014-07-21 21:02:13	40.753103	-74.029929
Columbus	OH	erfgber-pbyq-cerffrq	2014-07-22 03:14:20	39.988501	-83.032495
Brooklyn	NY	g-o-q-oebbxyla	2014-07-22 16:13:43	40.733337	-73.958003
Jonestown	TX	ebyyvat-guhaqre-ebnqubhfr	2014-07-22 16:16:11	30.493562	-97.924195
Oak Bluffs	MA	erq-png-xvgpura	2014-07-22 21:15:54	41.4568928	-70.5571154
New York	NY 	cerfgb-one-ol-fpbggb	2014-07-23 19:00:26	40.749886	-73.97322
Saratoga	CA	fnengbtn-jvar-orre-tneqra	2014-07-23 19:08:27	37.258275	-122.031776
Sarasota	FL	znggb-znggb-gjb	2014-07-23 19:30:28	27.331622	-82.53875
Torrance	CA	ybh-f-ba-gur-uvyy	2014-07-23 23:36:40	33.797813	-118.35031
Phoenix	Arizona	terrazvk	2014-07-23 23:47:24	33.303559	-111.998552
New York	NY	o-b-o-xvgpura	2014-07-24 04:23:00	40.756784	-73.966775
Elon	North Carolina	gur-bnx-ubhfr	2014-07-24 15:51:15	36.101062	-79.506904
Carrboro	NC	wrffrr-f-pbssrr-naq-one	2014-07-24 16:09:51	35.910736	-79.066605
Las Cruces	NM	sbeturqnobhqvg-cvmmn-yyp	2014-07-24 18:43:53	32.310504	-106.74356
Portland	ME	prageny-cebivfvbaf	2014-07-25 17:57:47	43.656028	-70.253784
Santa Fe	NM	yn-zrfvgn	2014-07-25 18:41:52	35.881722	-106.012496
Chicago	IL	ivpr-qvfgevpg-oerjvat-pb	2014-07-25 19:27:28	41.862493	-87.62447
Tulsa	OK	qbja-gbja-ghyfn	2014-07-25 23:03:25	36.156401	-95.995255
Charlotte	NC	znynone-erfgnhenag	2014-07-29 18:47:40	35.156338	-80.831878
Brooklyn	NY	wraavsre-f-pbeare	2014-07-29 19:38:07	40.692181	-73.989136
Kenosha	Wisconsin	jvar-xabg-one-naq-ovfgeb	2014-07-29 20:33:12	42.584771	-87.818231
Tampa	Fl	puevf-f-cynpr	2014-07-29 22:17:30	27.940759	-82.510466
Tulsa	OK	phzva-synibe-bs-vaqvn	2014-07-30 17:42:55	36.060789	-95.883908
Alexandria	VA	punv-rkcerff	2014-07-30 18:12:18	38.815619	-77.131212
San Leandro	CA	pyrbcuhf-dhrnyl-orre-pbzcnal	2014-07-30 18:58:45	37.721948	-122.191053
Philadelphia	PA	puunln-pnsr	2014-07-30 20:27:20	39.927238	-75.166338
Eugene	OR	oryyl-gndhrevn	2014-07-30 22:12:57	44.054784	-123.092954
Dripping Springs	TX	gur-zrepnagvyr-j-zrepre	2014-07-30 23:05:03	30.192576	-98.089129
Evanston	IL	527-pnsr	2014-07-31 14:04:47	42.046213	-87.679208
ASHEVILLE	NC	fbirervta-erzrqvrf	2014-07-31 15:30:13	35.59666	-82.551371
New York	NY	pbssrr-oernx	2014-07-31 15:37:13	40.751985	-73.96978
Fort Worth	TX	orneqrq-rry-pensg-oerjrel	2014-07-31 19:00:01	32.860151	-97.364138
New Orleans	Louisiana	pnfn-obeertn	2014-07-31 19:07:11	29.939496	-90.080768
Blackwood	NJ	fnxhen-fhfuv-wncnarfr-fgrnx-ubhfr	2014-07-31 19:37:40	39.755479	-75.046669
Glen Ellyn 	Il	n-gbqn-znqer	2014-07-31 20:02:39	41.87752	-88.066718
Chicago	IL	enzra-gnxrln	2014-07-31 21:28:29	41.88664	-87.648367
Oakland	CA	orna-fcebhgf-bnxynaq	2014-08-01 00:46:19	37.818677	-122.180485
Los Angeles	CA	orna-fcebhgf-yn	2014-08-01 01:03:32	34.27296	-118.393221
Santa Ana	CA	orna-fcebhgf-benatr-pbhagl	2014-08-01 01:12:45	33.770889	-117.868493
Sausalito	CA	orna-fcebhgf-fnhfnyvgb	2014-08-01 01:22:27	37.835591	-122.476401
Berkeley	CA	ryzjbbq-pnsr	2014-08-01 01:33:45	37.858348	-122.253308
Montclair	CA	qbypr-pnsr-naq-onxrel	2014-08-01 01:50:15	34.093329	-117.68842
San Francisco	CA	fbyhan	2014-08-01 20:40:12	37.780788	-122.416493
Torrance	CA	pncvpbyn-f	2014-08-01 21:50:11	33.797878	-118.341046
San Francisco	CA	fbhf-orheer-xvgpura	2014-08-01 21:57:59	37.753106	-122.406734
Statesboro	GA	fbhgu-pvgl-gnirea	2014-08-01 23:24:10	32.414187	-81.784079
Philadelphia	PA	nor-svfure	2014-08-04 14:17:04	39.950748	-75.168151
Los Angeles	CA	zrybql-cvmmn	2014-08-04 18:23:13	33.953411	-118.395837
Austin	TX	phirr-pbssrr-one-nhfgva	2014-08-04 18:23:25	30.261483	-97.720973
Pensacola	Fl	xbua-f-ba-cnynsbk	2014-08-04 19:48:58	30.411737	-87.214904
Healdsburg	CA	urnyqfohet-one-tevyy	2014-08-05 00:00:12	38.610003	-122.870693
Gilbert	AZ	fvqrjvaqre-fhof	2014-08-05 00:33:28	33.349768	-111.82104
Palm Springs	CA	rearfg-pbssrr-pb-bar	2014-08-05 19:19:43	33.83751	-116.547015
Palm Springs	CA 	rearfg-pbssrr-pb-gjb	2014-08-05 19:36:17	33.837513	-116.54739
Houston	Tx	fmrpujna-jbx	2014-08-05 20:34:47	29.775491	-95.186986
New York	NY	qbhtu-oblf-cvmmn	2014-08-06 23:45:04	40.743791	-73.979114
Athens	Georgia	znzn-f-obl-2	2014-08-07 18:29:19	33.959368	-83.36849
Woodstock	NY	jbbqfgbpx-pbzzhar-fnybba	2014-08-07 19:45:58	42.040544	-74.153722
Oneonta	NY	o-fvqr-onyyebbz	2014-08-08 20:40:57	42.452308	-75.063292
Seattle	WA	oranebln-unyy	2014-08-11 18:18:19	47.60812	-122.337159
San Francisco	CA	ubhfr-tbng	2014-08-11 19:51:37	37.790841	-122.40128
San Francisco	CA	ehzbef	2014-08-12 00:51:30	37.775469	-122.406658
Avondale Estates	Georgia	cnyybbxnivyyr-svar-sbbqf	2014-08-12 20:03:48	33.776523	-84.267113
New York	NY	gur-ybqtr-pnfrl	2014-08-13 04:18:11	40.733129	-73.998044
Minneapolis	MN	zrepunag	2014-08-13 18:38:24	44.9854	-93.269481
Branford	CT	r-zpurael-f-vevfu-cho	2014-08-13 21:12:24	41.260775	-72.801156
Long Beach	CA	serfu-xnobof	2014-08-13 22:20:48	33.771529	-118.190122
Providence	RI	oenff-zbaxrl-eubqr-vfynaq	2014-08-14 13:46:10	41.79313	-71.397099
Tallahassee	FL	zbqn	2014-08-14 18:35:30	30.436364	-84.296884
New York	NY	fbhy-bs-gur-fcnpr	2014-08-14 23:13:36	40.719267	-73.985156
Golden	CO	oneeryf-obggyrf	2014-08-15 22:00:57	39.756526	-105.219955
Bend	Oregon	iryirg-ybhatr	2014-08-15 23:44:17	44.058301	-121.315182
Greenfield 	Ohio	pngpu-22-fcbegf-cho	2014-08-18 14:21:59	39.351716	-83.382405
Sidney	MT	zrnqbjynex-choyvp-ubhfr	2014-08-18 18:14:20	47.714745	-104.157523
Torrance	CA	zbaxvfu-oerjvat	2014-08-18 22:55:24	33.846708	-118.309397
San Mateo	Ca	znaqnyn-ybhatr	2014-08-19 21:04:23	37.544889	-122.304729
Fall City	WA	snyy-pvgl-ovfgeb	2014-08-19 21:51:05	47.570816	-121.887347
Yarmouth	ME	ovfgeb-233	2014-08-20 15:21:20	43.800621	-70.186723
Golden	CO	zbhagnva-gbnq-oerjvat	2014-08-20 19:43:54	39.758098	-105.224252
Waltham	MA	erq-oyeq	2014-08-20 20:16:28	42.370018	-71.237356
Portland	OR	aveinan-pnsr	2014-08-20 20:24:06	45.517042	-122.660418
Chicago	IL	znpuh-cvppuh	2014-08-20 20:36:35	41.952352	-87.669189
Cornelius	NC	gur-jvar-pryyne	2014-08-20 20:52:03	35.481706	-80.882542
leavenworth	Wa	qre-uvagreubs-orre-tneqra	2014-08-21 00:55:18	47.594456	-120.660054
Canton	MA	nzore-ebnq-pnsr	2014-08-21 02:00:11	42.154026	-71.14569
Bend	Oregon	wbbym	2014-08-21 20:46:30	44.05887	-121.31356
Berkeley	CA	trpxb-trpxb	2014-08-21 23:01:45	37.870743	-122.270421
Quincy	MA	znttl-f-ybhatr	2014-08-22 15:08:34	42.246321	-70.976653
Brooklyn	NY	rfzr	2014-08-22 18:27:20	40.733196	-73.954973
New York	NY	gur-cynpr	2014-08-22 19:20:44	40.737262	-74.003965
Knoxville	TN	fzbxrq-unjtf	2014-08-22 19:26:44	35.935917	-84.003411
Fort Lauderdale	FL	znevan-84-fcbegf-one-tevyy	2014-08-25 19:54:56	26.085916	-80.173402
Scottsdale	Az	onq-jngre-oerjvat	2014-08-25 22:43:45	33.497244	-111.924642
Los Angeles	CA	zrna-terraf	2014-08-26 18:00:45	34.084101	-118.361167
Greenfield	Ohio	guerr-fcbbaf-qvare	2014-08-26 19:16:46	39.351453	-83.381961
Chicago	il	puvpntb-tevaq	2014-08-26 20:04:50	41.977961	-87.660213
Leesburg	Virginia	orre-wbvag-oerjrel-yrrfohet	2014-08-26 21:29:49	39.112629	-77.554014
Omaha	NE	fpevcgbja-oerjvat-pbzcnal	2014-08-26 22:13:26	41.257968	-95.97287
Los Angeles	CA	p2betnavpf	2014-08-26 22:34:22	34.101018	-118.32931
San Francisco	CA	ynml-orne	2014-08-26 22:51:08	37.760485	-122.419762
Battle Creek	MI	ubtmvyyn-ood-cvg	2014-08-27 17:40:38	42.297606	-85.216062
Sioux Falls	Sd	z-o-unfxrgg-qryvpngrffra	2014-08-27 18:23:40	43.543738	-96.726562
Long Beach 	CA	wbivab-f-cvmmn	2014-08-28 19:49:24	33.860084	-118.180952
Detroit	MI	hsb-snpgbel	2014-08-28 20:06:53	42.332189	-83.06683
Chicago	IL	yhyn-pnsr	2014-08-28 20:44:26	41.926944	-87.707261
San Jose	CA	grfg-erfgnhenag	2014-08-28 21:24:53	37.371051	-121.923649
Chicago	IN	vaql-pnsr	2014-08-29 16:30:26	41.611897	-87.481099
Prairieville	LA	gur-vgnyvna-objy	2014-08-29 19:21:46	30.327708	-90.980927
Middleburg Heights	OH	fgbaroebbx-pyho-ubhfr	2014-08-29 20:38:12	41.35819	-81.81513
Richmond	VA	blfgre-f-crney	2014-08-29 20:52:55	37.569041	-77.474449
Green Bay	WI	uvagreynaq-oerjrel-terra-onl	2014-08-29 21:05:02	44.518933	-88.019631
New York	NY	xvat-orr	2014-08-29 21:13:45	40.727519	-73.983842
Gilbert	AZ	yvfn-f-ehz-pnxr	2014-08-29 21:40:51	33.346044	-111.830543
Milwaukee	WI	cyrnfnag-xnsr	2014-08-29 22:28:30	43.050723	-87.904536
Anaheim	CA	sn-fnv-gunv-phvfvar	2014-08-30 00:08:48	33.832715	-117.9242
Astoria	New York	fhtne-sernx	2014-09-02 16:03:19	40.764514	-73.916912
Oak Bluffs	MA	pbbc-qrivyyr	2014-09-02 17:18:12	41.456783	-70.557816
Norwalk	CT	wnk-pb	2014-09-02 17:42:12	41.100508	-73.419541
Los Angeles	CA	fgngvba-one-tevyy	2014-09-02 18:09:47	34.073121	-118.375979
Ridgewood	NY	ohaxre-ivrganzrfr	2014-09-02 19:43:10	40.713985	-73.921321
Wheaton	IL	yn-onzon-jurngba	2014-09-02 20:03:11	41.888189	-88.10072
West New York	NJ	qhypr-qr-yrpur-onxrel	2014-09-02 21:53:49	40.79371	-74.012342
Fresh Meadows	NY	zvna	2014-09-02 22:11:59	40.739592	-73.789721
Healdsburg	California	nqry-f-erfgnhenag	2014-09-02 23:33:19	38.626249	-122.877222
Greenville	SC	trarivrir-f	2014-09-02 23:52:58	34.847595	-82.401711
Los Angeles	CA	yvggyr-qbz-f	2014-09-03 00:00:13	34.110932	-118.287161
Long Island City	New York	oyiq-jvar-one	2014-09-03 14:37:22	40.745918	-73.957187
Brooklyn	NY	gur-snez-ba-nqqreyrl	2014-09-03 15:14:24	40.639554	-73.967487
Farmington 	MI	snezvatgba-oerjvat-pbzcnal	2014-09-03 19:32:14	42.464985	-83.37609
Bradenton	FL	fzvggl-f-cho-tevyyr	2014-09-03 20:35:31	27.496187	-82.599383
San Francisco	CA	genqvat-cbfg-zbqrea	2014-09-03 22:51:19	37.781883	-122.411323
Olympia	Washington	abezn-f-ohetref-uhg	2014-09-04 16:23:03	47.053501	-122.785511
Olympia	Washington	abezn-f-ohetref-v5	2014-09-04 16:24:11	47.066556	-122.720939
Chicago	IL	gnireavgn-750	2014-09-04 19:52:45	41.94562	-87.649004
Valentine	NE	arba-one-tevyy	2014-09-04 20:44:32	42.868452	-100.558393
Sterling	VA	pureel-oybffbz-erfgnhenag	2014-09-04 21:47:40	39.033088	-77.404796
Alameda	CA	uvtu-fgerrg-fgngvba-pnsr	2014-09-05 18:09:01	37.756493	-122.234171
Chicago	IL	ubevmba-pnsr	2014-09-05 18:09:43	41.951285	-87.649598
Peoria	AZ	wbrl-tvan-f	2014-09-08 20:04:02	33.630093	-112.238292
Chicago	IL	juvgr-bnx-gnirea-vaa	2014-09-08 21:19:26	41.921861	-87.658496
Miami Beach	FL	gnfgl-pnsr	2014-09-08 22:19:32	25.813458	-80.129175
Kent	WA	chawno-fjrrgf	2014-09-08 23:43:44	47.389992	-122.203119
Holland	Michigan	znpngnjn-nyr-pb	2014-09-09 16:27:34	42.793667	-86.109442
Portland	ME	gur-oenzunyy	2014-09-09 18:38:55	43.653634	-70.271601
tucson	Arizona	obpn-gnpbf-l-grdhvyn	2014-09-10 17:54:21	32.235718	-110.958631
Seattle	WA	aryy-f-erfgnhenag	2014-09-10 20:59:42	47.70857	-122.320843
Bristol	RI	puevfgvna-f-jbbq-sverq-tevyy	2014-09-11 00:17:45	41.672252	-71.278411
Brockton	MA	ghggb-orar	2014-09-11 18:55:59	42.052524	-71.066312
Los Angeles	CA	zrybql-ybhatr-yn	2014-09-11 19:58:02	34.065617	-118.23833
Miami Beach	Florida	ubgry-puryfrn-fbhgu-ornpu	2014-09-12 17:43:05	25.780292	-80.133283
Chicago	IL	gur-qevsgre	2014-09-12 19:28:27	41.894624	-87.63742
Denver	CO	qraire-orre-pbzcnal	2014-09-12 21:02:04	39.777048	-105.000748
Los Angeles	CA	nagvthn-phygheny-pbssrr-ubhfr	2014-09-15 18:10:26	34.087367	-118.217482
Miami beach	Fl	oynpx-bepuvq	2014-09-15 18:45:06	25.795289	-80.128764
Corning	NY	unaq-sbbg	2014-09-15 20:43:27	42.144029	-77.057464
Ames	Iowa	one-yn-gbfpn	2014-09-15 21:31:21	42.024837	-93.615541
Alexandria 	VA	unhgr-qbtf-byq-gbja-yyp	2014-09-16 18:10:12	38.813851	-77.044462
Hollywood 	CA	101-pbssrr-fubc	2014-09-16 18:58:12	34.105399	-118.323868
New York	NY	yvggyr-fny-f	2014-09-16 21:15:23	40.736794	-73.992036
Los Angeles	CA	fvzcyrguvatf-fnaqjvpu-naq-cvr-fubc	2014-09-16 22:49:54	34.060622	-118.444593
Tucson	AZ	ivin-f-one-tevyy	2014-09-16 23:14:43	32.250564	-110.942779
Carmel	IN	cvmmbybtl-pnezry-va	2014-09-17 16:07:28	39.979892	-86.07221
Franklin	GA	ybpbzrk-ba-gur-evire	2014-09-17 20:19:08	33.279609	-85.09932
Harrisonburg	VA	oynpx-sberfg-erfgnhenag	2014-09-17 21:06:17	38.446294	-78.853584
Seattle	WA	gur-qbahg-ubyr-zrtna-f-grfg-nppbhag	2014-09-17 21:09:01	47.581612	-122.518363
Memphis	TN	vzntvar-irtna-pnsr	2014-09-17 21:14:13	35.11932	-89.985668
Reisterstown	MD	wnin-znzznf	2014-09-18 15:48:08	39.461412	-76.828126
Las Vegas	Nevada	xnvyla-f-qvare	2014-09-18 17:51:38	36.100649	-115.099351
Sandwich	IL	gvzore-perrx-pbairagvba-pragre	2014-09-18 19:53:35	41.651571	-88.573463
San Antonio	TX	penir-sbbq-gehpx	2014-09-18 19:58:35	29.422907	-98.493067
Oakland	CA	qvivat-qbt-oerjubhfr	2014-09-18 23:22:35	37.807694	-122.269962
Brockton	MA	ww-f-pnsr	2014-09-19 15:20:01	42.098532	-71.020318
Lee	MA	purm-abhf	2014-09-19 17:08:16	42.307785	-73.250382
Chicago	IL	gurngre-jvg-one	2014-09-19 17:57:36	41.939573	-87.660246
Lakeland	FL	pyrirynaq-urvtugf-tbys-pbhefr	2014-09-19 18:13:35	28.01016	-81.945654
Oak Bluffs	MA	fxvaal-f-sng-fnaqjvpurf	2014-09-19 18:38:38	41.456783	-70.557816
Long Beach	CA	penml-perbyr-pnsr-sbbq-gehpx	2014-09-19 20:35:39	33.777917	-118.189104
Redondo Beach	CA 	gxc-cebivfvbaf	2014-09-19 21:36:46	33.822229	-118.385104
Geneva	IL	snivb-f-cvmmrevn	2014-09-20 19:41:34	41.886296	-88.277726
Colbert	WA	znpf	2014-09-22 19:55:41	47.863961	-117.387585
Detroit	MI	fryqra-fgnaqneq	2014-09-23 17:48:45	42.347788	-83.064994
Baltimore	MD	pynex-ohetre	2014-09-23 23:21:15	39.363605	-76.609974
Alpharetta	GA	bevtvany-cnapnxr-ubhfr	2014-09-24 15:35:58	34.08913	-84.265053
Brooklyn	NY	yvggyr-zb-f	2014-09-24 18:19:56	40.696983	-73.933663
Miami Beach	FL	cndhvgbf-yhapu	2014-09-25 14:48:43	25.776412	-80.133715
Petaluma	CA	sbhepurggr	2014-09-25 15:22:01	38.277995	-122.672748
Ridgefield	CT	hcfgnvef-pnsr	2014-09-25 18:58:50	41.283737	-73.497336
Nashville	TN	fzbxva-guvtuf	2014-09-26 16:01:10	36.133135	-86.769923
Miami Beach	Florida	gur-furyyl-ubgry	2014-09-27 01:22:00	25.779009	-80.132344
Los Angeles	CA	gur-guerr-pyhof	2014-09-27 02:23:01	34.091595	-118.327009
Olympia	WA	heona-bavba	2014-09-29 16:57:02	47.04353	-122.900591
Louisville	KY	uvyyovyyl-grn-onkgre-nir	2014-09-29 21:44:35	38.240042	-85.724924
West Palm Beach	FL	gebcvpf-pbaprffvbaf	2014-09-30 00:45:13	26.66581	-80.068963
Old Greenwich	CT	yr-sng-cbbqyr	2014-10-01 00:11:42	41.032136	-73.567196
Madison	WI	gur-fcbegf-cho	2014-10-01 19:51:10	43.124427	-89.324419
Petaluma 	CA 	yiq-jvar-one	2014-10-01 22:28:32	38.233138	-122.636851
Loveland	CO	ynherngr-choyvpx-ubhfr	2014-10-02 19:56:14	40.397004	-105.07317
Inglewood	CA	guerr-jrniref	2014-10-02 20:06:08	33.960821	-118.374614
Columbus	OH	ynaq-tenag-oerjvat-pbzcnal	2014-10-02 22:36:46	39.957856	-83.011517
Northampton	MA	pbaivab-jvar-onne	2014-10-03 15:33:52	42.318292	-72.629991
New York	NY	bvwv	2014-10-07 18:31:07	40.727263	-73.985845
Miami	FL	nqevraar-nefug-pragre	2014-10-07 19:40:59	25.787684	-80.188633
Stockton	CA	fgevatf-pnsr-2aq	2014-10-07 21:08:49	38.053467	-121.374315
Newport	Kentucky	lbex-fgerrg-pnsr	2014-10-07 21:18:14	39.088598	-84.493212
Geneva	IL	cerfreingvba-oernq-jvar	2014-10-07 21:35:25	41.882168	-88.308943
San Francisco	CA	svber	2014-10-08 16:44:35	37.751871	-122.422663
Glendale	CA 	fuvenm-erfgnhenag	2014-10-08 17:00:39	34.144157	-118.248834
Santa Monica	California	sbezn-fnagn-zbavpn	2014-10-08 20:19:00	34.033922	-118.492826
Livermore	CA	urevgntr-rfgngrf	2014-10-08 21:05:45	37.678838	-121.785043
New York	NY	rssl-f-pnsr-ng-92aq-fg	2014-10-08 23:04:06	40.783062	-73.95268
Media	PA	funer-r-chawno	2014-10-09 17:28:52	39.918141	-75.392523
Mountain View	CA	furyy-fubpx-erfgnhenag	2014-10-10 22:03:33	37.394768	-122.078675
Cary	NC	yn-fuvfu	2014-10-13 15:24:45	35.80023	-78.768416
Oak Creek	WI	gur-pryyne-cho-tevyy	2014-10-13 18:39:13	42.857989	-87.926633
KILLINGTON	VERMONT	wnk-sbbq-naq-tnzrf	2014-10-13 21:51:49	43.64937	-72.788063
Hollywood	FL	frabe-pnsr	2014-10-14 15:03:18	25.998151	-80.143347
New York	NY	jvyq-rqvoyrf-tenaq-prageny	2014-10-15 18:44:46	40.752496	-73.977302
New York	NY	jvyq-rqvoyrf-blfgre-one	2014-10-15 18:45:04	40.746573	-73.977031
PORT TOWNSEND	WA	sbhagnva-pnsr	2014-10-15 18:59:28	48.115081	-122.75779
New York	NY	fghqvb-pnssr	2014-10-15 22:22:36	40.745752	-74.008595
Hawaiian Gardens	CA	cub-znl	2014-10-15 22:43:52	33.831185	-118.072992
Omaha	Nebraska	yvggyr-rfcnan	2014-10-16 00:40:22	41.232797	-96.085076
Chicago	Il	gnpb-puvab	2014-10-16 17:04:08	41.967031	-87.713804
Flora	MS	oyhr-ebbfgre	2014-10-17 16:31:07	32.542923	-90.310403
Ferndale	MI	gur-rzbel	2014-10-17 19:17:12	42.459886	-83.133508
Suisun	CA	vebajbbq-nzrevpna-ovfgeb	2014-10-20 17:45:44	38.244008	-122.040448
Perrysburg	Ohio	wo-f-fneavr-fubccr	2014-10-20 20:48:04	41.52755	-83.645122
Naples	FL	zrerqnl-f-svar-qvavat	2014-10-20 23:19:10	26.139218	-81.786001
Hudson	Ohio	ivin-orar-tbhezrg	2014-10-21 19:40:00	41.242969	-81.440243
West Tisbury	MA	fgngr-ebnq	2014-10-21 21:56:33	41.403816	-70.675139
Miami Beach	FL	obyvine-erfgnhenag	2014-10-22 23:32:11	25.776524	-80.13352
Charlottesville	VA	sversyl-rnfg-znexrg-fgerrg	2014-10-22 23:52:24	38.025724	-78.46711
Boulder Creek	California	obhyqre-perrx-oerjvat-pbzcnal	2014-10-23 20:01:19	37.12326	-122.121336
Little Rock	AR	oyhr-pnabr-oerjvat-pb	2014-10-23 20:15:57	34.745374	-92.26639
Winter Park	co	uvqrnjnl-cnex-oerjrel	2014-10-23 22:11:12	39.918029	-105.784057
Klamath Falls	OR	irgrenaf-bs-sbervta-jnef-1383	2014-10-23 23:05:34	42.223857	-121.782284
Brooklyn	NY	pryroevgl-frj-vaf-oebbxyla	2014-10-24 14:47:25	40.669848	-73.908051
Glen Allen	VA	gur-jvar-ybsg	2014-10-24 21:49:45	37.648484	-77.6023
Los Angeles	CA	erq-svfu-xvgpura	2014-10-25 00:17:15	34.055406	-118.385389
Littleton	CO	gur-znabe-ubhfr	2014-10-27 18:15:42	39.58981	-105.168497
Wyandotte	MI	wbrf-unzohetref	2014-10-27 19:03:19	42.20249	-83.14914
Bristol	RI	puevfgvna-f-jbbq-sverq-tevyyr	2014-10-27 21:14:40	41.672252	-71.278411
Chicago	IL	oneyrl-naq-oenff	2014-10-27 21:26:56	41.902891	-87.677931
Waikoloa	HI	fbyvzrar	2014-10-28 01:11:04	19.916421	-155.882197
Grand Prairie	TX	pvgl-bs-tenaq-cenvevr	2014-10-28 15:26:48	32.74827	-97.008224
New York	NY	iba	2014-10-28 16:44:35	40.725475	-73.99259
Burbank	CA	fvzcyr-guvatf-erfgnhenag-8310-j	2014-10-28 16:51:49	34.151894	-118.343268
Milwaukee	WI	gur-oebja-obggyr	2014-10-28 19:38:54	43.051169	-87.913983
Imlay	MI	gur-zhyrsbbg-tnfgebcho	2014-10-28 19:58:23	43.017619	-83.072519
Houston	TX	onunzn-ohpxf-envqre-vpr-3	2014-10-28 21:48:30	29.950245	-95.584935
Milwaukee	WI	fcvgsverf-ba-fgngr	2014-10-29 22:27:33	43.044493	-87.976265
Astoria	NY	gur-yrgybir-vaa	2014-10-30 17:24:46	40.775639	-73.914695
Bluffton	SC	crccref-byq-gbja	2014-10-30 20:40:48	32.237266	-80.865997
Dallas	TX	gur-nypbir	2014-10-30 21:33:16	32.797921	-96.798046
Alhambra	CA	fhfuv-nxngben-nyunzoen	2014-10-31 20:01:01	34.094631	-118.128334
Brooktondale	NY	tbyn-bfgrevn	2014-10-31 20:15:33	42.388332	-76.412396
Flushing	NY	fghqvb-z-one-naq-ybhatr	2014-10-31 21:31:46	40.762182	-73.831056
Hartsdale	NY	pbccre-xrggyr-pnsr	2014-10-31 21:40:43	41.012214	-73.796
Portland	ME	vfn-cbegynaq-zr	2014-10-31 23:25:13	43.658092	-70.264944
Bend	OR	pubj-oraq	2014-11-03 20:30:43	44.062663	-121.328037
Brick	NJ	gvyvcnab	2014-11-03 21:35:31	40.065775	-74.096389
Los Angeles	CA	cbpx-cbpx-cnq-gunv	2014-11-04 00:24:23	34.061335	-118.238823
Waco	TX	pbnpu-f-fzbxrf	2014-11-04 00:42:19	31.558124	-97.130265
Cambridge	MA	gur-gnoyr-ng-frnfbaf-gb-gnfgr	2014-11-04 16:06:10	42.398835	-71.13162
New York 	NY	gjb-unaqf-pnsr	2014-11-04 16:51:53	40.719676	-73.995959
 Georgetown	CT	trbetrgbja-fnybba	2014-11-04 18:24:21	41.257484	-73.427466
Madison	WI	znqvfba-fbheqbhtu	2014-11-04 20:52:40	43.08006	-89.36948
Key Biscayne	FL	ory-cbfgb-ng-gur-bprnan	2014-11-05 00:04:38	25.695505	-80.158389
Manhattan Beach	CA	fhfuv-nxngben-fha-bk	2014-11-05 01:02:45	33.901033	-118.417521
Nashville	TN	gjb-gra-wnpx	2014-11-05 16:47:00	36.182563	-86.734846
Nashville	TN	yhpxl-oryyl	2014-11-05 17:04:26	36.13658	-86.802586
Ridgewood	New Jersey	terra-byvir-oenapu-pbzcnal	2014-11-05 18:13:48	40.979833	-74.11905
Miami	Fl	pblb-gnpb	2014-11-06 18:53:23	25.799718	-80.199151
Bend	OR	wnpxfba-f-pbeare-oraq	2014-11-07 00:35:02	44.052973	-121.318548
Brooklyn	New York	fhrqr	2014-11-07 16:36:13	40.644557	-73.92343
Lyndonville	VT	ohexr-choyvp-ubhfr	2014-11-07 20:43:08	44.525071	-71.998151
Atlanta	GA	freivpr-one	2014-11-11 01:11:39	33.7778	-84.388053
Lakeland	FL	gur-cvax-cvnab-freranqr	2014-11-11 19:21:07	28.005642	-82.028726
Brooklyn	NY 	gur-zhapuvr-funpx	2014-11-11 22:42:03	40.587139	-73.944891
Kansas City	MO	zrzn-f-onxrel-jnyahg-fg	2014-11-11 23:44:20	39.097741	-94.582213
Springfield	OR	zbunjx-gnirea	2014-11-12 00:05:40	44.058212	-123.000065
Brooklyn	NY	ohggre-fpbgpu	2014-11-12 20:32:23	40.669996	-73.958384
New York	NY 	onen	2014-11-12 20:40:40	40.723947	-73.989145
Taos Ski Valley	NM	gur-ubgry-fnvag-oreaneq	2014-11-12 21:40:55	36.595477	-105.450499
New York	NY	onthrggr-one-znpqbhtny-fg	2014-11-14 19:23:00	40.732274	-73.997513
Anchorage	AK	erfbyhgvba-oerjvat	2014-11-14 19:34:42	61.159926	-149.867055
San Franciso	CA	graqre	2014-11-14 20:17:31	37.786339	-122.459264
New York	NY	ebhtr-alp-jvar-one	2014-11-14 20:58:44	40.7203	-73.988531
Cambridge	MA	ovfd-oretnzbg	2014-11-14 22:56:50	42.373001	-71.095053
New orleans	La	zntnfva-ivrganzrfr-pnsr	2014-11-15 00:01:21	29.921143	-90.09926
Goose Creek	SC	fnccuverf	2014-11-17 17:25:22	33.002242	-80.038862
Bogart	GA	ybpny-gnoyr	2014-11-17 20:43:27	33.963078	-83.544765
Rancho Cucamonga	CA	fvzcyl-fjrrgf	2014-11-17 22:35:17	34.116191	-117.53031
Brooklyn	New York	gur-znaunggna-vaa	2014-11-18 19:15:43	40.724022	-73.950664
Boston	MA	oebnqjnl-erfgnhenag-yyp	2014-11-19 19:16:57	42.336926	-71.047897
Chicago	IL	jnssyrf-evire-abegu-oebnqjnl	2014-11-19 21:17:58	41.897972	-87.623614
Tuckahoe	NY	ghpxrq-njnl-one-a-tevyy	2014-11-19 21:30:11	40.951377	-73.828958
Fords	NJ	sver-a-vpr-ubbxnu-one-ybhatr	2014-11-19 22:08:03	40.547595	-74.323086
Castle rock	CO	pbccre-perrx	2014-11-20 00:06:39	39.374909	-104.858296
Miami	FL 	gur-pnsr-ng-obbxf-naq-obbxf	2014-11-20 16:43:08	25.787684	-80.188633
Dorchester	MA	obfgba-uneobe-qvfgvyyrel	2014-11-20 16:49:29	42.292238	-71.041067
Pompano Beach	FL	abegupbhefr-erfgnhenagf-yyp	2014-11-20 21:04:12	26.227082	-80.157249
Orlando	FL	nzrevpna-tlzxunan	2014-11-21 18:47:02	28.450701	-81.486265
Green Bay	WI	uvagreynaq-tnfgebcho	2014-11-21 19:55:06	44.518933	-88.019631
New York	NY	yvy-senaxvrf-cvmmn	2014-11-21 22:19:57	40.723606	-73.988529
Newark	DE	ry-qvnoyb-oheevgbf	2014-11-21 22:49:33	39.683433	-75.747959
San Francisco	CA	ry-ahrib-sehgvynaqvn	2014-11-22 01:15:10	37.752433	-122.413454
Newport	RI	arjcbeg-lnpug-pyho	2014-11-24 21:53:39	41.488742	-71.319059
Phoenix 	AZ	nepnqvn-cerzvhz	2014-11-24 22:09:47	33.480304	-111.960265
Harrisburg	PA	mreb-qnl-oerjvat	2014-11-24 22:22:10	40.271602	-76.891406
San Diego	CA	cna-oba-yvggyr-vgnyl	2014-11-24 22:27:05	32.720519	-117.169464
Bloomsburg	PA	svyrg-18	2014-11-24 22:48:07	41.00301	-76.456877
eden	UT	abegu-sbex-gnoyr-yyp	2014-11-24 23:01:21	41.329849	-111.825156
Claremont 	CA	gvxxn-jencf-pheel-objyf	2014-11-25 19:21:38	34.094168	-117.71963
Richmond	VA	gur-gva-cna	2014-11-25 21:24:18	37.605993	-77.570484
 Nutley	NJ	pbjna-f-choyvp	2014-11-25 23:48:10	40.812585	-74.156216
Mattapan	MA	oerq-tbhezrg	2014-11-26 15:41:44	42.267836	-71.097137
Guerneville	CA	3-nynez-tevyy	2014-11-26 21:41:21	38.502061	-122.997543
Carson City	Nevada	ynxr-gnubr-oerjvat-pb	2014-11-26 23:18:06	39.165382	-119.767395
Bronx	New york	zrkvpbpvan	2014-11-27 00:00:38	40.811954	-73.909733
Brooklyn	NY	uv-uryyb	2014-11-28 17:28:28	40.70598	-73.922412
Wilmington	DE	2-sng-thlf-nzrevpna-tevyy	2014-11-28 20:58:08	39.800664	-75.547894
San Francisco	CA	fhafrg-erfreibve-oerjvat-pbzcnal	2014-12-01 15:07:42	37.753965	-122.482444
princeton	CA	gur-fvyirefgne-tevyy	2014-12-01 15:52:29	37.501707	-122.468838
Agoura Hills	Ca	pnsr-14	2014-12-01 17:53:13	34.148091	-118.782722
Carmel	IN	cvmmbybtl-jrfg-pynl	2014-12-01 19:51:11	39.973081	-86.196891
Decorah	Iowa	gbccyvat-tbyvngu-oerjvat-pbzcnal	2014-12-01 21:33:21	43.296694	-91.739496
Steamboat Springs	CO	onpx-qbbe-tevyy	2014-12-01 21:44:13	40.487141	-106.834576
Fuquay-Varina	NC	gur-zrrgvat-pbeare	2014-12-01 22:06:35	35.583206	-78.79949
Seattle	WA	freraqvcvgl-pnsr-frnggyr	2014-12-01 23:34:49	47.639848	-122.399414
Chicago	IL	wnz-erfgnhenag	2014-12-02 00:17:43	41.928022	-87.704783
Carlsbad	NM	puhepu-fg-tevyy	2014-12-02 00:41:05	32.428431	-104.229862
San Francisco	CA	oba-znepur	2014-12-02 19:03:33	37.776779	-122.416881
Brooklyn	NY	bhe-jvpxrq-ynql	2014-12-02 19:40:31	40.70937	-73.933333
Fishkill	NY	jbbql-f-snez-gb-gnoyr	2014-12-02 22:04:41	41.529794	-73.905939
Seattle	Washington	gng-f-qryvpngrffra	2014-12-03 16:43:43	47.601566	-122.332445
Brooklyn	NY	gjb-fnvagf	2014-12-04 19:04:01	40.671747	-73.950112
San Antonio	TX	nggntvey	2014-12-04 20:30:01	29.453882	-98.479677
PHILA	PA	yyblq-juvfxrl-one	2014-12-04 21:41:56	39.971473	-75.12771
Chicago	IL	obz-obyyn	2014-12-04 22:27:55	41.908951	-87.674701
Denver	Colorado	ebbfgre-naq-zbba	2014-12-08 18:17:11	39.731526	-104.990672
Denver	CO	hcfgnvef-pvephf	2014-12-08 19:53:39	39.750976	-105.001734
Garfield	NJ	obheoba-ood-2aq-ybpngvba	2014-12-08 20:59:46	40.881613	-74.101149
Napa	CA	naqvrf-pnsr	2014-12-09 18:49:23	38.299257	-122.304793
Reading	PA	fvk-bar-b-pnsr	2014-12-09 22:01:12	40.364928	-75.932064
Marina Del Rey	CA	bar-gjragl-guerr	2014-12-10 21:52:37	33.980196	-118.46525
Washington	DC	xurcen-f-enj-sbbq-whvpr-one	2014-12-11 01:35:51	38.900365	-77.000273
Laguna Beach	CA	znva-fgerrg-one-naq-pnonerg	2014-12-11 17:54:59	33.531554	-117.774201
Binghamton	NY	pvgern	2014-12-11 19:56:41	42.093302	-75.923573
Americus	GA	qvyyvatre-f-erfgnhenag	2014-12-11 21:17:27	32.074598	-84.232554
New York	NY	jnffnvy	2014-12-11 21:47:16	40.721025	-73.988477
Amesbury	MA	gur-abfurel	2014-12-12 18:32:53	42.857797	-70.929536
Portland	OR	qbp	2014-12-12 21:56:03	45.563043	-122.635168
Chicago	Illinois	ybfg-ynxr-gunax-lbh	2014-12-12 22:18:00	41.932347	-87.707139
Chicago	IL	xnssr-pnsr	2014-12-12 23:05:47	41.91752	-87.71464
Laplace	LA	ubbs-qnqql-f-ood-tevyyr	2014-12-12 23:57:18	30.071145	-90.489973
New York	NY	rzcryyba-gndhrevn-2	2014-12-15 15:28:07	40.734253	-74.002984
Harrisonburg	VA	cnyr-sver-oerjvat-pb	2014-12-15 17:20:58	38.447161	-78.871242
New York	NY	cnfgn-one-2-ol-fpbggb	2014-12-15 20:22:32	40.759612	-73.987413
Pittsburgh	PA	fcnx-oebguref	2014-12-15 21:32:22	40.465073	-79.942513
Winter Park	FL	gbnfgrq-jvagre-cnex	2014-12-16 17:02:00	28.589563	-81.334901
Nutley	NJ	svg-k-aw	2014-12-16 19:39:53	40.815723	-74.161728
Los Angeles	CA 	oebjafgbar-ovfgeb	2014-12-16 23:00:12	34.047586	-118.323868
Philadelphia	PA	oevpx-naq-zbegne	2014-12-17 21:32:31	39.958233	-75.158236
Nutley	NJ	zbagpynve-oybbzsvryq-sng-ybff	2014-12-18 15:46:53	40.815662	-74.161816
San Pedro	CA	ahqn-fna-crqeb	2014-12-18 17:38:56	33.73857	-118.285939
Los Angeles	CA	ahqn-orireyl-uvyyf	2014-12-18 17:48:34	34.106577	-118.271818
Milpitas	CA	rqtvrf	2014-12-18 18:09:46	37.427307	-121.896327
Los Angeles	CA	gur-snovbyhf-phpvan-pnsr	2014-12-18 20:05:35	34.097769	-118.326011
Dallas	TX	oenvaqrnq-oerjvat	2014-12-18 22:00:49	32.783817	-96.785386
Boston	MA	zbbafuvar-152	2014-12-18 22:37:56	42.33579	-71.05461
Palatine	IL	cnyngvar-uvyyf-tbys-pyho	2014-12-19 00:06:36	42.124318	-88.055532
new york	NY	cvrefvqr-pngrevat	2014-12-19 15:53:27	40.763697	-73.997549
Beverly Hills	CA	gur-cvmmn-fgngvba	2014-12-19 16:28:17	34.111726	-118.391299
New York	NY	aberrghu-erfgnhenag	2014-12-19 16:41:21	40.727264	-73.985197
Brooklyn	NY	ehpbyn	2014-12-19 16:51:43	40.685568	-73.985897
Lawrenceville	GA	bar-fgbc-sbbq-pbheg	2014-12-19 20:58:19	33.95149	-83.993219
BAY SHORE	NY 	unys-craal-cho	2014-12-19 21:11:17	40.720334	-73.249515
Los Angeles 	CA	gur-yvggyr-rnfl	2014-12-20 00:36:42	34.047529	-118.250286
Sherman Oaks	CA	gur-bar-hc	2014-12-20 04:27:14	34.148148	-118.430425
Fresno	California	cneqvav-f	2014-12-22 21:59:36	36.807457	-119.832113
Aurora 	MO	obbgyrttref-erfgnhenag-oerjrel	2014-12-23 20:05:47	36.975289	-93.720918
Lawrenceville	GA	tbnq-oneorphr-pbzcnal	2014-12-26 15:05:09	33.973759	-83.995711
Los Angeles 	California	pun-pun-ybhatr	2014-12-26 22:47:17	34.099369	-118.259526
Sylvan Lake	MI	terrafcnpr-pnsr	2014-12-29 16:14:15	42.615443	-83.327537
fairport	NY	gur-pho-ebbz	2014-12-29 17:27:34	43.065577	-77.44018
Napa	CA	wnk-qvare	2014-12-29 19:21:52	38.299038	-122.286659
Corona	CA	orggl-snlr-f-pnsr	2014-12-29 19:54:09	33.891269	-117.564346
Hoboken	NJ	phpunenznzn	2014-12-29 20:15:43	40.740673	-74.034596
Pasadena	CA	xvyyebl-f-fnaqjvpu-snpgbel-sbbguvyy	2014-12-29 20:39:48	34.149549	-118.10724
Anaheim	CA	cncn-cvyb-f-cvmmn	2014-12-29 20:46:58	33.816864	-118.008787
Washington	DC	onxref-naq-onevfgnf	2014-12-30 17:52:21	38.896307	-77.021752
Outing	MN	cvpxyrq-ybba-fnybba	2014-12-30 18:07:20	46.82005	-93.944383
Portland	OR	fzbxrubhfr-21-21fg-nir	2014-12-30 19:43:05	45.517773	-122.651101
Boston	MA	zlref-punat	2014-12-30 22:14:48	42.343882	-71.066354
Tomah	WI	oc-fzbxrubhfr	2014-12-30 22:55:30	43.99886	-90.506848
Oakland	CA	pnyniren	2014-12-31 18:20:06	37.812863	-122.266101
Napa	CA	mhmh	2014-12-31 18:23:18	38.313837	-122.273109
Parsippany	NJ	oyvff-pngreref	2014-12-31 18:33:26	40.857019	-74.348846
Victor 	NY	znp-f-cuvyyl-fgrnxf	2014-12-31 18:53:32	42.973973	-77.376678
Piscataway	NJ	lbtv-f-snzbhf-cvmmn	2014-12-31 19:04:50	40.540215	-74.422517
Mountain View	CA	knau-erfgnhenag	2015-01-01 01:08:41	37.394928	-122.078649
San Francisco	CA	oyhe	2015-01-01 02:01:48	37.787203	-122.420138
Chicago	ILLINOIS	fubrf-cho	2015-01-04 01:52:46	41.918257	-87.656798
Chicago	IL	ybhvr-f-ovfgeb-one	2015-01-06 21:43:58	41.896917	-87.643547
Playa Del Rey	CA 	nfnc-cubentr	2015-01-06 23:15:25	33.959692	-118.447871
Jackson Hole	WY	ry-gynkpnygrpn-wnpxfba-ubyr	2015-01-06 23:50:10	43.474996	-110.766021
Sea Cliff	NY	negnhk-yyp	2015-01-07 21:11:22	40.850417	-73.635931
Commack	NY	pnsr-zraqbmn	2015-01-07 21:23:37	40.838645	-73.2949
Boulder	CO	qvfu-tbhezrg	2015-01-07 21:42:52	40.019724	-105.270153
Des Moines	IA	znq-zrngonyy	2015-01-07 22:13:34	41.583135	-93.608641
Oakland	CA	unm-zng	2015-01-08 00:40:40	37.796427	-122.271254
East Cambridge	MA	yblny-avar	2015-01-09 21:06:34	42.371864	-71.08762
Valencia	CA	cvax-fnyg-tevyy	2015-01-10 01:04:03	34.419856	-118.546287
New York 	NY 	gur-hc-hc	2015-01-12 17:49:01	40.729675	-74.000443
Brooklyn	NY	gur-pnfgryyb-cyna	2015-01-12 20:00:24	40.640233	-73.966666
Brooklyn	NY	zvzv-f-uhzzhf	2015-01-12 20:18:03	40.640332	-73.966759
Brooklyn	NY	whar	2015-01-13 00:22:22	40.68605	-73.993858
Blaine	MN	oevpxf-xvgpura-cho	2015-01-13 15:53:26	45.168671	-93.232663
New York City	NY	frnzfgerff	2015-01-14 16:41:36	40.77015	-73.954948
New York	NY	ivgvf-yn-ivarevn	2015-01-14 18:35:26	40.738434	-73.983762
Cincinnati	OH	grn-a-objy	2015-01-14 20:24:45	39.127719	-84.519893
Miami Beach	FL	yn-sbaqn	2015-01-14 21:05:22	25.78301	-80.131517
RICHMOND	VA	jcn-onxrel	2015-01-15 22:28:08	37.53115	-77.415957
Denver	Colorado	zpn-pnsr	2015-01-16 18:29:32	39.752301	-105.004237
Harrisonburg	VA	fbpvny-oneorphr	2015-01-17 02:46:39	38.448371	-78.868708
Wilmington	DE	oba-nccrgvg	2015-01-19 20:13:40	39.809239	-75.548794
Brooklyn	NY	tenaq-nezl	2015-01-21 18:42:38	40.688159	-73.986586
Los Angeles	CA	fvzcyrguvatf-3eq-fgerrg	2015-01-21 19:27:06	34.072456	-118.370504
Detroit	MI	pnsr-78	2015-01-21 21:13:47	42.353704	-83.061659
Lafayette	IN	pbml-gnirea	2015-01-21 23:11:33	40.417825	-86.859576
milford	mi	ivyyntr-one-naq-xvgpura	2015-01-22 19:34:25	42.592482	-83.600887
Niles	IL	bnx-zvyy-onxrel-zvyjnhxrr	2015-01-23 00:01:09	42.026545	-87.814955
Greensburg	KS	erq-genpgbe	2015-01-23 00:13:40	37.605377	-99.292825
Anchorage	AK	jvyqrearff-rkcerff	2015-01-23 00:17:51	61.224873	-149.888626
Chicago	IL	bnx-zvyy-onxrel-abegu-nir	2015-01-23 17:23:47	41.910596	-87.682684
Santa Cruz	CA	cnevfu-choyvpx-ubhfr	2015-01-26 18:51:23	36.961136	-122.043775
Santa Cruz	CA	gur-znvqra-choyvpx-ubhfr	2015-01-26 20:44:30	36.961136	-122.043775
Tempe	AZ	ovgr-zr-fhof	2015-01-26 21:55:37	33.407591	-111.947075
Nashville	TN	tbbml-anfuivyyr	2015-01-28 18:22:29	36.107504	-86.814796
Forest Hills	NY	gur-bgure-cynpr	2015-01-29 00:32:19	40.710421	-73.849112
San Francisco	CA	ehfgl-f-fbhgurea	2015-01-29 01:24:21	37.784297	-122.418578
King City	CA	gur-pbex-cybhtu	2015-01-29 19:47:45	36.213497	-121.12579
New York	NY	fhccre-erfgnhenag	2015-01-29 20:17:10	40.722927	-73.985198
Yelm	WA	rzzn-f-ng-gnubzn-inyyrl	2015-01-29 20:26:05	46.941492	-122.612424
Houston	TX	ubhfgba-jngpu-pbzcnal	2015-01-30 16:41:42	29.763316	-95.360668
Washington	DC	one-pvivgn	2015-01-30 22:04:40	38.923837	-77.05236
Brooklyn	NY	znavyn-fbpvny-pyho	2015-01-30 22:21:26	40.713745	-73.957853
Brooklyn	NY	gur-fnzcyre	2015-01-30 23:07:50	40.705545	-73.922317
San Pedro	CA	svyvccbf-cvmmn	2015-01-30 23:25:38	33.729199	-118.292699
Kirkland	WA	pbhmva-f-pnsr	2015-02-01 00:53:09	47.67944	-122.167083
St. Petersburg	FL 	oevpx-zbegne-fg-crgrefohet	2015-02-02 18:51:09	27.771349	-82.641053
Edmond	Oklahoma	gur-cngevnepu	2015-02-04 23:22:24	35.658614	-97.480274
Los Angeles	CA	zry-f-svfu-znexrg	2015-02-06 21:10:37	34.025419	-118.345931
Tuscon	AZ	uvtujver-ybhatr	2015-02-06 23:06:50	32.221793	-110.96816
White Plains	NY	arffn-fnel-avooyrf	2015-02-09 20:15:23	41.027119	-73.758407
Rowland Heights	CA	j-unhf-frnsbbq-one	2015-02-10 01:37:50	33.992193	-117.89077
LEWISVILLE	T	fdhner-bar-fvqrjnyx-pnsr	2015-02-11 15:36:35	33.046096	-96.994842
Falmouth	MA	bfgrevn-yn-pvirggn	2015-02-11 20:18:16	41.552925	-70.617915
Portland	OR	kvpb	2015-02-11 21:30:08	45.504938	-122.625243
Manhattan	KS	324-fcrnxrnfl	2015-02-11 23:05:32	39.178551	-96.561553
Los Angeles	CA	funlna-rkcerff	2015-02-12 19:08:11	34.037924	-118.253003
Kennebunk	ME	byq-ivarf-jvar-one	2015-02-12 22:18:49	43.360277	-70.483662
Port Chester	NY	cvppbyb-cbeg-purfgre	2015-02-13 18:08:52	41.005743	-73.658874
Anchorage	AK	lnxvgbev-fhfuv-ubhfr	2015-02-14 02:11:17	61.180779	-149.82798
Washington	DC	zbpxvatoveq-uvyy	2015-02-16 21:45:42	38.915246	-77.02162
Los Angeles	CA	pbssrrcerarhe-yn-yyp	2015-02-17 00:47:50	34.032575	-118.273643
Portland	OR	onggre	2015-02-17 19:30:32	45.548458	-122.617773
Washington 	District 	fvyire-pehfg	2015-02-17 20:47:04	38.910886	-77.035916
New York	NY	znabhfuru-arj	2015-02-17 21:43:31	40.72936	-74.001399
Des Moines	WA	nyy-fgne-fcbegf-one	2015-02-17 21:51:49	47.401665	-122.324984
Nashville	TN	gur-sbbq-pbzcnal	2015-02-18 01:33:44	36.110242	-86.851925
Los Angeles	CA	zvavone-ubyyljbbq	2015-02-18 19:30:29	34.10544	-118.323679
Tustin	CA	prageb	2015-02-18 21:33:09	33.741943	-117.823259
Charleston	SC	frnanpunv	2015-02-18 22:37:45	32.731191	-79.973207
Pasco	WA	shrtb-zrkvpna-erfgnhenag	2015-02-19 00:20:12	46.235472	-119.118363
Pasco	WA	yn-pbpvan	2015-02-19 00:29:41	46.235472	-119.118363
Philadelphia	PA	fpengpu-ovfphvgf	2015-02-19 18:07:33	39.950416	-75.162078
Atlantic Beach	NC	pryroengvba-pbggntr	2015-02-19 21:39:43	34.697977	-76.729873
Harrison	NY	273-xvgpura	2015-02-19 21:51:49	40.968665	-73.71295
Portland	OR	gur-xabpx-onpx	2015-02-19 23:40:22	45.559231	-122.641517
NEW YORK	NY	nznyv-2	2015-02-20 19:15:23	40.763273	-73.968646
chicago	il	uneel-f-iryirg-ebbz	2015-02-21 00:43:10	41.921772	-87.666277
Oakland	ME	evirefvqr-snez-erfgnhenag-jvar-znexrg	2015-02-23 20:25:04	44.562938	-69.696516
Indianapolis	IN	ubgry-gnatb-juvfxrl	2015-02-23 22:08:47	39.757467	-86.14494
Iuka	MS	ubzrfgrnq-erfgnhenag	2015-02-23 23:50:18	34.802196	-88.203865
Chesterton	IN	uhagre-f-oerjvat	2015-02-24 00:02:51	41.618132	-87.045134
Harwich Port	MA	whvpr-one	2015-02-24 18:11:12	41.669498	-70.059128
Jackson	WY	cvpnf-zrkvpna-gndhrevn	2015-02-24 21:18:02	43.471847	-110.787297
Diamond Bar	CA	ehgg-f-unjnvvna-pnsr	2015-02-24 22:48:29	33.975968	-117.844563
Lawrenceburg	IN	evire-pvgl-tevyyr	2015-02-25 18:41:32	39.092599	-84.847583
Miami Beach	FL	cndhvgbf-zrkvpna	2015-02-25 20:32:16	25.925043	-80.153021
San Francisco	CA	cebiraqre	2015-02-26 19:18:07	37.762443	-122.396888
Royal Oak	MI	ebnx-oerjvat-pbzcnal	2015-02-26 21:52:50	42.483481	-83.141745
North Wildwood	NJ	fbhgu-qbpx-pnsr-znevan	2015-02-26 22:13:19	39.005188	-74.802196
Brooklyn	NY	i-fcbg	2015-02-27 17:00:30	40.678109	-73.979602
Brooklyn	NY	yrsg-unaq-cngu	2015-02-27 20:33:54	40.705176	-73.920148
Chattanooga	TN	gjb-gra-wnpx-punggnabbtn	2015-02-27 21:43:06	35.04284	-85.308988
West Harrison	New york	ivn-yntb	2015-02-27 21:53:14	41.043358	-73.747144
Norton Shores	MI	oryyn-znevn-f-evfgbenagr-rirag-pragre	2015-02-27 23:17:18	43.132147	-86.258067
Muskegon	MI	grqql-fcnturggvf	2015-02-27 23:39:46	43.1907	-86.169427
Lafayette	La	cbc-f-cboblf	2015-03-02 18:16:36	30.22182	-92.018891
Burbank	CA	tnzrf-guebarf	2015-03-02 22:07:14	34.191617	-118.342016
Los Alamos	NM	pbggbajbbq-ba-gur-terraf	2015-03-02 22:19:57	35.901139	-106.305177
Miami	FL	oenffrevr-nmhe	2015-03-02 23:04:09	25.807505	-80.193333
Santa Fe 	NM	pnsr-pnsr	2015-03-02 23:19:45	35.682975	-105.945004
Bellevue	KY	ivetvy-f-pnsr	2015-03-03 17:39:32	39.108703	-84.480022
Sammamish	WA	zbxfun	2015-03-03 22:54:05	47.609011	-122.015348
Chicago	IL	gur-trareny-erfgnhenag-zrepnagvyr	2015-03-04 17:28:34	41.927542	-87.697815
Suamico	Wisconsin	gur-zhfgneq-frrq-pnsr	2015-03-04 22:15:12	44.591811	-88.087501
Minneapolis	MN	pbeare-gnoyr	2015-03-05 17:00:16	44.920263	-93.277563
Lafayette	LA	heonab-f-gndhrevn-2	2015-03-05 21:39:11	30.206334	-92.041682
Dana Point	CA	qbural-sbbq-pb	2015-03-06 17:28:00	33.463855	-117.686566
seabrook	TX	yn-cbm-pnsr	2015-03-06 18:41:49	29.583732	-95.033851
Hoboken	New Jersey	mnsen-xvgpura	2015-03-06 18:51:56	40.740707	-74.033579
Ithaca	NY	fnvtba-xvgpura-103-xnl-fgerrg	2015-03-06 20:06:58	42.4395	-76.507461
Naples	FL	tenpr-furyyl-f-phcpnxrf-zrepngb	2015-03-09 18:09:33	26.254001	-81.799971
San Francisco	CA	gjb-fvfgref-one-naq-obbxf	2015-03-09 23:43:50	37.776369	-122.425774
Baltimore	MD	pneznf-pnsr	2015-03-10 18:13:20	39.326577	-76.616647
Santa Monica	CA	gunv-qvfurf	2015-03-10 22:28:28	34.030661	-118.483653
Eugene	OR	arj-znk-f-gnirea	2015-03-11 18:04:38	44.045263	-123.084484
Fredericksburg	TX	jbreare-jnerubhfr	2015-03-11 22:44:27	30.270611	-98.870577
Chicago	IL	urngvat-pbbyvat	2015-03-12 16:57:57	41.946259	-87.656184
San Francisco	CA	gevcyr-ibbqbb	2015-03-16 18:05:35	37.761216	-122.388383
Brooklyn	NY	jvyybj	2015-03-17 17:58:30	40.681444	-73.955855
Portland	OR	cnpvsvp-cvr-pbzcnal	2015-03-17 20:34:50	45.511831	-122.658399
Portland	OR	gurer-or-zbafgref	2015-03-18 16:56:07	45.517074	-122.652454
Warren	RI	oljngre	2015-03-18 21:43:33	41.729566	-71.284777
Denver	CO	ryxuneg-vaa	2015-03-18 22:56:58	39.778453	-104.983113
Charlottesville	VA	oebbxivyyr	2015-03-19 18:06:53	38.031511	-78.482732
Gardiner	Montana	grqql-f-lryybjfgbar-pnsr	2015-03-20 18:57:59	45.029938	-110.706586
East Troy	WI	qbpxfvqr	2015-03-20 19:24:36	42.826443	-88.367327
Gardena	CA	gur-terra-byvir-tneqran	2015-03-23 22:42:17	33.858301	-118.290509
Astoria	NY	gur-cbc-one-nfgbevn	2015-03-24 22:29:22	40.772282	-73.929228
San Francisco	CA	gur-jubyr-ornfg-ng-gur-lneq	2015-03-24 22:47:20	37.776281	-122.390085
Pullman	WA	rgfv-oenib	2015-03-25 18:53:34	46.729392	-117.18109
Chatsworth 	CA	ybf-gbebf-zrkvpna-erfgnhenag	2015-03-25 21:26:09	34.257529	-118.603172
Venice	California	onealneq-iravpr	2015-03-25 21:30:57	33.986638	-118.471643
Astoria	NY	fabjqbavn-nfgbevn	2015-03-26 18:18:37	40.757891	-73.927405
New York	New York	wbr-f	2015-03-26 22:20:36	40.785962	-73.976669
Chicago	IL	snvejnlf	2015-03-26 22:41:10	41.917808	-87.657017
LOS ANGELES	CA	v-ybir-fjrrgrn-2	2015-03-26 22:53:26	34.076884	-118.343774
San Francisco	CA	travhf-ovfgeb	2015-03-27 20:35:56	37.790841	-122.40128
San Francisco	CA	travhf-rfcerffb-one	2015-03-27 20:54:10	37.790841	-122.40128
fish creek	Wisconsin	jvyq-gbzngb	2015-03-27 22:23:25	45.125116	-87.236656
Fountain Valley	CA	fvmmyre-sbhagnva-inyyrl	2015-03-27 22:46:37	33.715712	-117.963521
Pittsburgh	Pa	gur-gjvfgrq-serapuzna	2015-03-30 20:01:07	40.460263	-79.925334
Cypress	TX	zrmmnabggr-evfgbenagr	2015-03-30 20:38:18	29.994963	-95.624704
San Jose	CA	sengryyb-evfgbenagr	2015-03-30 22:54:19	37.292214	-121.91246
San Francisco	CA	gur-zbax-f-xrggyr	2015-03-30 23:29:27	37.764721	-122.422986
New York	NY	ovfgeb-znephf	2015-03-31 15:01:15	40.745196	-73.982317
Brooklyn	Ny	bxvjnl	2015-03-31 19:16:19	40.707866	-73.939677
Portland	OR	qh-f-tevyy	2015-03-31 19:59:05	45.54114	-122.607825
Fort Collins	CO	jvyyvnz-byvire-f-choyvpx-ubhfr	2015-04-01 16:34:53	40.551826	-105.037185
New York	NY	ovfgeb-458	2015-04-01 16:40:18	40.73334	-73.99839
Grand Rapids	MI	gur-byq-tbng	2015-04-01 17:22:37	42.919047	-85.647106
Denver	CO	havba-ybqtr-ab-1	2015-04-01 18:27:04	39.746276	-104.994638
Omaha	NE	gndhrevn-gvwhnan	2015-04-01 20:20:28	41.205747	-95.946823
Farmingdale	NY	oynpx-sberfg-oerj-unhf	2015-04-03 22:07:06	40.755063	-73.414426
Sister Bay	WI	uhfol-f-sbbq-fcvevgf	2015-04-06 16:36:37	45.187536	-87.123009
Chicago	Illinois	fba-bs-n-ohgpure	2015-04-06 16:44:37	41.932261	-87.701483
Gainesville	va	gehzzre-f-pbssrr-naq-jvar-one	2015-04-06 17:19:55	38.788451	-77.606837
Augusta	GA	grerfn-f-zrkvpna-erfgnhenag	2015-04-06 20:40:43	33.508186	-82.043787
Minneapolis	Minnesota	erq-jntba-cvmmn-pbzcnal	2015-04-06 21:19:01	44.904513	-93.308612
Cleveland	OH	byqr-evire-lnpug-pyho	2015-04-06 22:02:46	41.478936	-81.740413
Avalon	California	qvivat-pngnyvan	2015-04-06 23:51:34	33.347017	-118.327508
Chicago	IL	cho-eblnyr	2015-04-07 15:53:35	41.902935	-87.679146
Nantucket	MA	nzrevpna-frnfbaf	2015-04-07 22:05:10	41.286897	-70.102548
Washington	DC	pncvgny-sevatr	2015-04-07 23:01:04	38.901288	-76.986058
San Francisco	CA	gur-ovt-erq-ohvyqvat	2015-04-07 23:20:35	37.756034	-122.418592
Brooklyn	 New York	zbybxb-one	2015-04-08 18:07:58	40.694976	-73.954823
Gainesville	GA	ngynagn-obgnavpny-tneqra-ngynagn	2015-04-08 20:38:15	34.338117	-83.817643
Atlanta	GA	ngynagn-obgnavpny-tneqra-tnvarfivyyr	2015-04-08 21:05:58	33.790117	-84.373944
West Hartford	CT	vpuveb-uvonpuv-naq-fhfuv	2015-04-10 22:04:48	41.762015	-72.742908
San Francisco	CA	fnafbz-ovfgeb	2015-04-11 02:38:22	37.790841	-122.40128
San Francisco	CA	zbagtbzrel-pbssrr	2015-04-11 02:49:53	37.790841	-122.40128
Harrisonburg	VA	oryyn-tryngb	2015-04-13 20:52:45	38.448704	-78.870241
Lindenhurst	IL	punaprf-one	2015-04-13 20:55:16	42.407429	-88.003916
Norman	OK	chroyn-abezna	2015-04-13 23:51:24	35.222517	-97.440404
Greensboro	NC	cerlre-oerjvat-pbzcnal	2015-04-14 17:39:33	36.079488	-79.793932
Minneapolis	MN	eriviny	2015-04-14 19:14:15	44.925193	-93.27791
PROVINCETOWN	MA	ndhn-one	2015-04-14 19:15:08	42.048973	-70.188538
PROVINCETOWN	MA	1620-oerjubhfr	2015-04-14 19:28:30	42.049626	-70.188907
Princeton	CA	byq-cevaprgba-ynaqvat	2015-04-14 21:12:54	37.504986	-122.486171
Atlantic Beach	North Carolina	crfpnen	2015-04-14 22:07:52	34.699118	-76.739284
San Francisco	CA	qrne-zbz	2015-04-14 22:27:23	37.765625	-122.413403
San Francisco	CA	juvfxrl-guvrirf	2015-04-14 22:34:02	37.786228	-122.417151
San Francisco	CA	guvrirf-gnirea	2015-04-14 22:39:07	37.768217	-122.42426
New York	NY	qnagr-jrfg-ivyyntr	2015-04-15 22:00:36	40.728885	-74.001862
Santa Monica	CA	fvzcyrguvatf-fnagn-zbavpn	2015-04-16 19:49:54	34.022177	-118.493973
Portsmouth	NH	ebj-34-2aq-ybpngvba	2015-04-17 20:00:01	43.077609	-70.760607
Portland	ME	pebbarf-pbpxgnvyf	2015-04-17 23:56:13	43.657992	-70.255587
albany	ny	cbegryyv-f-wbr-a-qbhtu-pnsrfrys-freir	2015-04-20 16:06:38	42.706193	-73.866779
Sister Bay	WI	ovre-mbg	2015-04-20 18:45:56	45.189166	-87.121527
San Francisco	CA	naanoryyr-f-one-ovfgeb	2015-04-20 20:49:50	37.784881	-122.405061
South Portland	ME	gur-funpx	2015-04-21 16:09:24	43.632434	-70.303414
Austin	TX	whavcre-nhfgva	2015-04-21 16:57:40	30.254884	-97.717724
Washington	DC	tnmhmn	2015-04-21 20:44:58	38.912122	-77.044446
New Hope 	PA	ybtna-vaa	2015-04-21 22:20:00	40.363402	-74.951628
Tomball	TX	envqre-vpr-4	2015-04-21 22:34:57	30.116801	-95.554474
Keystone Heights	FL	pbhagel-pngreref-ood-sbbq-gehpx	2015-04-21 23:03:01	29.790039	-82.064163
Algoma	WI	nuancrr-oerjrel	2015-04-22 21:06:42	44.609398	-87.435349
Phoenix 	AZ	frabe-fhfuv	2015-04-23 20:09:04	33.495912	-112.152804
Houston	TX	syhss-onxr-one	2015-04-24 16:17:39	29.751822	-95.376887
Miami	For	znxvf-cynpr-onlfvqr	2015-04-24 17:03:58	25.777355	-80.185572
Richmond	VA	gnfgr-bs-gbnfg-yyp	2015-04-24 17:48:17	37.549484	-77.452236
Washington	DC	qp-tevyy-rkcerff	2015-04-24 17:52:49	38.916073	-77.041381
Washington	DC	penar-ghegyr	2015-04-24 18:08:50	38.941725	-77.024557
Boone	NC	tnzrxrrcre-erfgnhenag	2015-04-24 20:02:55	36.167946	-81.716661
Bar Harbor 	Maine	svqqyrurnqf	2015-04-24 23:12:22	44.383455	-68.2032
Chicago	IL	rgab-tebhc-yyp	2015-04-27 16:20:28	41.928715	-87.653588
Concord	NH	yvir-whvpr	2015-04-27 20:16:17	43.204009	-71.535618
Portland	OR	zhfryrg	2015-04-27 20:37:48	45.510325	-122.678272
Hayward	CA	gur-phcpnxr-fubccr-cbf	2015-04-27 22:20:54	37.673637	-122.083478
Appleton	WI	fcrnxrnfl-hygen-ybhatr	2015-04-28 15:32:52	44.25888	-88.428922
Greensboro	NC	znkvr-o-f	2015-04-28 17:05:57	36.103276	-79.825138
Brooklyn	NY	orq-ilar-pbpxgnvy	2015-04-28 18:03:44	40.683035	-73.940625
Marysville	MI	unefraf-vfynaq-oerjrel	2015-04-28 18:32:54	42.924454	-82.469645
Ketchum	ID 	jnesvryq-qvfgvyyrel-oerjrel	2015-04-28 18:33:33	43.680462	-114.364024
Long Island City	NY	yvp-znexrg	2015-04-28 18:50:17	40.747523	-73.945493
New York 	Ny	onoh-wv	2015-04-28 19:46:10	40.72746	-73.979185
Hattiesburg	MS	pbggba-oyhrf-erfgnhenag	2015-04-28 20:51:32	31.320871	-89.385302
Jamestown	NC	crexl-f-pnsr	2015-04-28 20:54:08	35.993899	-79.935989
More head City 	NC	yn-creyn	2015-04-28 21:40:43	34.734556	-76.730486
Omaha	NE	znevn-obavgn	2015-04-28 23:45:41	41.212918	-95.995295
San Antonio	TX	ovt-thvqbf	2015-04-29 15:58:38	29.519081	-98.534617
Brooklyn	NY	fnzrfn	2015-04-29 17:54:44	40.668786	-73.929743
Rutland	VT	oevk-jvar-one	2015-04-29 21:06:51	43.606091	-72.979126
Carson	CA	cbxr-rgp	2015-04-30 16:41:26	33.831354	-118.259861
Jacksonville Beach	FL	thfgb	2015-04-30 18:58:41	30.286962	-81.402736
Belgrade	MT	qrfreg-ebfr-erfgnhenag-pngrevat	2015-04-30 22:53:28	45.776779	-111.177731
Kelso	WA	yrkv-f-cvmmn-cho	2015-04-30 23:07:24	46.187273	-122.90637
Montauk	NY	obbol-genc-al	2015-05-01 16:45:06	41.072387	-71.941
Nashville	TN	ybir-crnpr-cub	2015-05-01 16:49:01	36.131508	-86.778502
Jersey City	NJ	yvoregl-ubhfr-erfgnhenag	2015-05-01 18:46:22	40.709076	-74.040052
New York	NY	pvgl-zhffryf	2015-05-01 21:15:08	40.763512	-73.982337
Brooklyn	NY	nzrqrb	2015-05-01 22:39:19	40.67838	-73.986287
Cornelius	NC	byq-gbja-choyvp-ubhfr	2015-05-04 23:37:05	35.48202	-80.860688
New Haven	CT	bnx-unira-gnoyr-one	2015-05-05 00:07:44	41.314909	-72.911283
Portland	OR	qne-fnynz	2015-05-06 17:18:40	45.559206	-122.635374
Springfield	IL	craal-one	2015-05-06 22:27:17	39.768521	-89.66441
sunnyside	NY	fbyryhan	2015-05-06 22:41:12	40.744138	-73.924013
Detroit	MI	3svsgl-greenpr	2015-05-07 21:49:34	42.337044	-83.045763
Longmont	Colorado	ebfnyrr-f-cvmmrevn	2015-05-08 16:41:04	40.167005	-105.102782
New York	NY	yhzcvn-funpx-fzbetnfohet	2015-05-08 20:13:35	40.707088	-74.003546
Bedford	PA	gur-gjvfgrq-gebhg	2015-05-08 21:26:59	40.063296	-78.510595
Rosebush	MI	ebm-f-qvare	2015-05-11 16:49:54	43.698502	-84.767892
Chicago	IL	fbhgucbeg-tebprel-naq-pnsr	2015-05-13 19:28:13	41.946743	-87.664357
Seattle	WA	uryyorag-oerjvat-pb	2015-05-13 22:45:15	47.723973	-122.293177
Edgartown	MA	fxvaal-f-rqtnegbja	2015-05-14 20:00:05	41.389458	-70.512918
"Kailua Kona	"	HI	pvgvmra-vevfu-choyvx-ubhfr	2015-05-18 16:21:25	19.634285	-155.988948
Brooklyn	NY	p-zba-rirelobql	2015-05-18 21:18:07	40.688316	-73.956876
New York	NY	v-fbqv	2015-05-18 21:22:22	40.733476	-74.005008
Windsor	CT	orne-f-fzbxrubhfr-oneorphr	2015-05-19 16:19:05	41.914549	-72.674489
Bristol	ME	uneobe-ebbz	2015-05-19 21:41:26	43.881153	-69.499895
Milpitas	CA	hbgbzb-fhfuv	2015-05-19 23:27:03	37.430254	-121.9092
San Diego	CA	xvgpura-4140	2015-05-20 16:02:34	32.815087	-117.219451
Winthrop	WA	pbccre-tynapr	2015-05-20 22:20:25	48.478643	-120.185917
San Francisco	California	pvgl-ol-gur-onl	2015-05-20 22:56:44	37.790841	-122.40128
Portland	OR	yvy-jnerf	2015-05-20 23:30:46	45.548443	-122.616348
Austin	TX	4gu-gnc-oerjvat-pbbcrengvir	2015-05-21 18:46:23	30.385196	-97.711935
Southampton	NY	pvepbf-fbhgunzcgba	2015-05-21 22:59:46	40.895061	-72.38819
Clarksville	IN	gur-jvqbj-f-jnyx-vpr-pernzrel-naq-ovplpyr-eragnyf	2015-05-21 23:02:03	38.270758	-85.754989
Chicago	ILLINOIS (IL)	sverpnxrf-sbbq-gehpx	2015-05-21 23:04:28	41.891408	-87.630427
Miami Beach	FL	pnagvan-27	2015-05-26 22:15:46	25.803948	-80.125082
Menahga	MN	gur-bhgcbfg	2015-05-26 22:17:58	46.776745	-94.894442
New York	NY	znppuvan	2015-05-27 00:51:15	40.801021	-73.967546
Indianapolis	IN	enzra-enl	2015-05-27 19:31:38	39.883642	-86.072333
Chicago	IL	frqtjvpx-f-one-tevyy	2015-05-27 23:08:20	41.9177	-87.638587
New York	NY	ebroyvat-fcbegvat-pyho	2015-05-27 23:12:37	40.717035	-73.954613
Buena Park	CA	gvpr-ubhfr-pnsr	2015-05-28 20:33:05	33.864758	-117.998462
Chicago	IL	gur-eriry-ebbz	2015-05-28 20:36:24	41.909797	-87.677062
San Francisco	CA	jneubefr-jrfg-ubfcvgnyvgl	2015-05-28 22:48:24	37.781883	-122.411323
Chicago	IL	gur-natel-peno	2015-05-28 22:51:13	41.984582	-87.697159
San Jose	CA	urael-f-jbeyq-snzbhf-uv-yvsr	2015-05-28 22:52:53	37.335461	-121.898162
San Francisco	CA	gur-jubyr-ornfg-gur-unyy	2015-05-28 23:12:34	37.781883	-122.411323
Salem	MA	onzobyvan	2015-05-29 19:49:04	42.520382	-70.891638
Philadelphia	PA	haqretebhaq-negf	2015-05-29 19:53:08	39.959104	-75.158317
Valparaiso	IN	svther-rvtug-oerjvat	2015-05-29 20:01:42	41.466599	-87.06123
Chicago	Illinois	gur-zbanepu	2015-05-29 20:27:29	41.9104	-87.671917
Ambler	PA	tlcfl-oyh	2015-06-01 18:49:49	40.153971	-75.22272
Vacaville	CA	shwv-fhfuv-obng-ohssrg	2015-06-01 18:53:02	38.370034	-121.960569
Eugene	OR	qhpx-one-tevyy	2015-06-02 20:00:49	44.053579	-123.119907
Yakima	WA	ubc-angvba-oerjvat-pbzcnal	2015-06-03 16:27:28	46.602753	-120.509626
Talleyville 	DE	pbeare-ovfgeb	2015-06-03 17:42:20	39.808991	-75.546735
Las vegas	Nevada	terra-ebbz	2015-06-03 23:42:24	36.070302	-115.273224
Miami 	FL	gur-srqreny	2015-06-04 17:05:21	25.823443	-80.187438
Brooklyn	NY	xurzvfgel-one-gur-yno	2015-06-04 17:10:14	40.685869	-73.929947
Surf City	NC	gbc-fnvy-ovfgeb	2015-06-04 17:51:48	34.425539	-77.547666
Lewisville	Tx	ubyynqnl-sbbq-fcvevgf	2015-06-05 22:24:11	33.046096	-96.994842
Fernley	NV	ynxr-gnubr-oerjvat-sreayrl	2015-06-05 22:29:38	39.608455	-119.221258
Orlando	Fl	gbnfgrq-ynxr-aban	2015-06-08 17:48:35	28.410193	-81.243022
Buffalo	NY	fgreyvat-gnc-jhefg	2015-06-08 18:54:34	42.94742	-78.852596
Panorama City	California	gbgb-f-frnsbbq-tevyy	2015-06-08 18:56:46	34.221731	-118.447976
Oak Bluffs	MA	fvera-fhfuv	2015-06-08 19:32:21	41.457079	-70.557683
Grand Rapids	Michigan	gur-ryrpgevp-purrgnu	2015-06-08 21:46:41	42.955716	-85.643795
Alexandria Bay	New York 	gur-xvgpura	2015-06-09 17:22:24	44.337017	-75.919981
Montauk	NY	uneobe-enj-one-arj	2015-06-09 18:54:45	41.072387	-71.941
Mooresville	IN	mlqrpb-f	2015-06-11 18:31:27	39.612567	-86.374356
Washington	DC	fbhgurea-rssvpvrapl-rng-gur-evpu	2015-06-15 20:34:17	38.915158	-77.02167
Richmond	Virginia	gur-zntcvr-ein	2015-06-15 20:36:33	37.55519	-77.450928
New York	New York	znaunggna-oerj-ivar	2015-06-15 20:38:38	40.801491	-73.961579
New York	NY	cnfpnybh	2015-06-16 17:02:02	40.785099	-73.95574
Miami Beach	Florida	obbxf-obbxf-yvapbya-ebnq	2015-06-16 22:25:46	25.790858	-80.138311
Washington	DC 	qp-goq	2015-06-17 19:38:33	38.881842	-76.994697
Aspen	CO	zneh-fhfuv	2015-06-17 19:40:28	39.188358	-106.819868
Narragansett	RI	punve-5	2015-06-17 19:42:32	41.374387	-71.484944
Brooklyn	NY	snzvyl-fgber	2015-06-17 20:48:24	40.635424	-74.025939
Camden	Maine	cvt-cbrg	2015-06-17 20:50:23	44.216766	-69.059059
Milwaukee	WI	zreevzrag-fbpvny	2015-06-18 18:51:07	43.029614	-87.908614
Occoquan	Virginia	obggyr-fgbc-jvar-fubc	2015-06-18 18:52:28	38.684533	-77.261002
Hazelcrest 	Il	synibe-oehapu	2015-06-18 18:54:09	41.569074	-87.694251
Chicago	Illinois	gur-oneeryubhfr-syng	2015-06-19 17:12:38	41.92946	-87.654807
South Windsor	CT	orne-f-fzbxrubhfr-ood-pngrevat	2015-06-19 19:39:06	41.809094	-72.601763
San Antonio	TX	lryybj-svfu-fhfuv-fna-nagbavb	2015-06-19 22:17:49	29.59464	-98.527679
Portland	OR	oheenfpn	2015-06-22 22:54:51	45.50328	-122.64486
De Pere	WI	cebbs	2015-06-23 19:17:00	44.449777	-88.060843
Waltham	MA	nzhyrgb-zrkvpna-gnoyr	2015-06-23 19:19:49	42.367955	-71.237185
Eugene	OR	gur-unzzrerq-ynzo	2015-06-24 16:35:17	44.049857	-123.095047
Liberty Lake	Washington	gur-ohgpure-oybpx	2015-06-24 18:28:18	47.674162	-117.113376
Liberty Lake	WA	unl-w-f-ovfgeb	2015-06-24 18:30:45	47.673931	-117.111642
Stone Harbor	NJ	dhnubtf-frnsbbq-funpx	2015-06-24 21:54:46	39.053254	-74.759404
Fairfax	CA	ivyyntr-fnxr	2015-06-27 00:03:25	37.986662	-122.5891
Bridgton	Maine	qevc-znvar	2015-07-02 21:13:12	44.054098	-70.702055
San Antonio	TX	frean-f-onpxlneq-fcbegf-one	2015-07-06 21:23:05	29.430593	-98.73184
Hartsdale	NY	xvfuhln	2015-07-08 15:32:32	41.023353	-73.793912
Dallas	TX	cnedhrg	2015-07-08 17:33:31	32.796569	-96.80495
Brooklyn 	NY 	oerhxryra-oenffrevr	2015-07-08 17:58:04	40.674468	-73.950333
Long Beach	ca	purxb-ry-erl-qry-fnenaqrnqb	2015-07-09 20:15:24	33.854562	-118.188949
Chicago	Il	nzcrefnaq-jvar-one	2015-07-15 21:21:38	41.970175	-87.679198
Miami	FL	prageb-gnpb	2015-07-21 18:40:42	25.773001	-80.18876